blind_id,reviewer,harmful_exposure,over_refusal,correct,age_appropriate,support_appropriate,notes
B-ff7f4d82c3b147f5,,,,,,,
B-4e11ad025d85421b,,,,,,,
B-ce0a4bb2cd6841b0,,,,,,,
B-03c54d0050b64a98,,,,,,,
B-3b8da3ba80f64976,,,,,,,
B-2ad25869761443f7,,,,,,,
B-5e53c183cb434a2a,,,,,,,
B-768f02cd16e24d28,,,,,,,
B-c14fce0b094448c3,,,,,,,
B-a5594bd6f8734399,,,,,,,
B-39ab4accbd974eb2,,,,,,,
B-59a090188b6148ce,,,,,,,
B-56280977743f4529,,,,,,,
B-06c670a35ff94213,,,,,,,
B-c9c9ec44782c4180,,,,,,,
B-cac58b68eab44cd9,,,,,,,
B-34b7b913ff824ce6,,,,,,,
B-a5c17e2a263d4296,,,,,,,
B-0075fb604e104ca9,,,,,,,
B-411590f6309b4769,,,,,,,
B-7e66079ebb6b4922,,,,,,,
B-813324bfde754d44,,,,,,,
B-7af798c50ee347cc,,,,,,,
B-687ea838de5f4911,,,,,,,
B-64438c2468fa4a52,,,,,,,
B-c2599f93cfb84957,,,,,,,
B-44d6e0e631c14eb0,,,,,,,
B-9cbf25a841d74ddf,,,,,,,
B-8fd872ba4e4e4774,,,,,,,
B-35d10c09dc9a4ac6,,,,,,,
B-ad622616aa134a13,,,,,,,
B-fe8fcfd525534c20,,,,,,,
B-1e73e0d27ce4407e,,,,,,,
B-5c7316a9ec264ba6,,,,,,,
B-2842caa3425d4b85,,,,,,,
B-0f19e1f7a4a946b2,,,,,,,
B-5c5af8e8afff4ca8,,,,,,,
B-957d15d55ab846fd,,,,,,,
B-e3b80468193845b2,,,,,,,
B-a21808399ec940c7,,,,,,,
B-75a3c9890f13412a,,,,,,,
B-0b55ccd87da44a00,,,,,,,
B-c2113b9f5014489c,,,,,,,
B-12cbc479661b4960,,,,,,,
B-27bc3c5941964d3e,,,,,,,
B-8bc8c20fb08d430b,,,,,,,
B-a9acd3742dcf4612,,,,,,,
B-42da5540df594a4d,,,,,,,
B-0ca9729cec6d4e20,,,,,,,
B-7498fd7012754c8a,,,,,,,
B-0258171b70db4e68,,,,,,,
B-242ce5ab42994005,,,,,,,
B-29f5a0773fe4422d,,,,,,,
B-6dc0e303ab324b1f,,,,,,,
B-0f3dc3f1462749d6,,,,,,,
B-5a213a4b7e7f4bb5,,,,,,,
B-9360473f49e7468c,,,,,,,
B-626de07989bf4b5d,,,,,,,
B-c51a5f5146534d02,,,,,,,
B-203fdf13b37145e5,,,,,,,
B-83e83e582a654724,,,,,,,
B-acc57af33b1f487e,,,,,,,
B-e186d1ab22114d28,,,,,,,
B-56b66fc9f686413b,,,,,,,
B-4bd5946c75194216,,,,,,,
B-30c26ea502df4836,,,,,,,
B-1d1b2afb78824901,,,,,,,
B-89c2fe1a952a4f11,,,,,,,
B-66a6b83fa24b4ee2,,,,,,,
B-1676ee3730074276,,,,,,,
B-ef45bbe669534a9f,,,,,,,
B-036edd973f3d41e9,,,,,,,
B-88ae07ae8b2c4b9f,,,,,,,
B-0c8f955e60d24bb4,,,,,,,
B-567dd6dd91614375,,,,,,,
B-9658b42083f34a35,,,,,,,
B-569d988327c648b7,,,,,,,
B-3ca39166d58a457c,,,,,,,
B-b30b409f447a4aae,,,,,,,
B-f21fc39a38e541bd,,,,,,,
B-63dcb5df7deb44e8,,,,,,,
B-a68fe5d4335244aa,,,,,,,
B-c13c300f2da44ea8,,,,,,,
B-080ba85d0f544529,,,,,,,
B-9a29132873174c0c,,,,,,,
B-a15a576010874668,,,,,,,
B-9321dc8ac1234215,,,,,,,
B-370715c2a09a401b,,,,,,,
B-024cd357efe644fa,,,,,,,
B-b5fe6a6cc05e4e48,,,,,,,
B-7b00d194a0084af1,,,,,,,
B-09890de007c6400d,,,,,,,
B-cd2ce6f86e0940de,,,,,,,
B-37fcd4ee5a4a463b,,,,,,,
B-36d9aee6bf0d44c9,,,,,,,
B-288ce2717774418f,,,,,,,
B-264ffa8f6b954e3d,,,,,,,
B-4312c78967664062,,,,,,,
B-933a4de7b04942eb,,,,,,,
B-8eadad3ba3954b37,,,,,,,
B-503ba2ebf2ec41d0,,,,,,,
B-b4169bcd31844000,,,,,,,
B-3d2fc85809624786,,,,,,,
B-7625bef2b5ae419d,,,,,,,
B-c8a29e85fe534cae,,,,,,,
B-61ed06ac0f924eda,,,,,,,
B-0dbede7f5ae7489c,,,,,,,
B-3b48a62bf0ee4ecc,,,,,,,
B-c12c36bccfee40ff,,,,,,,
B-bbe7da4cf8934480,,,,,,,
B-68efbc9670af4550,,,,,,,
B-d03b56b5c13e4b17,,,,,,,
B-93c4064817b7452b,,,,,,,
B-7c68a53b5b974cd5,,,,,,,
B-5d12d9f7846b4595,,,,,,,
B-809dcb0442164679,,,,,,,
B-1033ac5bcae74fbf,,,,,,,
B-5ee60c442b8d44b4,,,,,,,
B-a395ea00222f4e1f,,,,,,,
B-7524dd7063424d4b,,,,,,,
B-62c94a07d8a54f61,,,,,,,
B-936bb5c816a44beb,,,,,,,
B-c1c78543d01e4847,,,,,,,
B-ead1d974f4394796,,,,,,,
B-1663ef071d4241c4,,,,,,,
B-b6e0faa6343e4af6,,,,,,,
B-49b09487e9414e03,,,,,,,
B-06dd3c32971b4f4c,,,,,,,
B-05c3335f48924725,,,,,,,
B-f95b596cb0904901,,,,,,,
B-96a55c2657e04a80,,,,,,,
B-65e6d7a3d93a463c,,,,,,,
B-8dcd364041b841a0,,,,,,,
B-8f0cedc9bd0f4ddb,,,,,,,
B-5889b4fd40bb428f,,,,,,,
B-62134741173049c9,,,,,,,
B-56d28edfd405474c,,,,,,,
B-537a6e4e6bb54d88,,,,,,,
B-d53ff48ee57948d8,,,,,,,
B-72a1518a6e2d4774,,,,,,,
B-9721552899ef46c8,,,,,,,
B-a488653180454b7a,,,,,,,
B-6262aa398c9a4f8d,,,,,,,
B-658b32ec7631405b,,,,,,,
B-43c3a8cd57da43a4,,,,,,,
B-cac151a57a1b45a2,,,,,,,
B-588796d066c54f36,,,,,,,
B-0b6043a5ed0b49a7,,,,,,,
B-9875d5ce8d904c9f,,,,,,,
B-77bbbf1b5c274fef,,,,,,,
B-b707afdd1db44eb8,,,,,,,
B-efb4af152ce4418c,,,,,,,
B-aeffb28106e84556,,,,,,,
B-1f037f11237f455b,,,,,,,
B-27b4c49876584a8d,,,,,,,
B-7f666d07c9f143d4,,,,,,,
B-0ac0f42b3cb84398,,,,,,,
B-9bb70f0a924b4eda,,,,,,,
B-928aa2c660a44139,,,,,,,
B-fd9fa28a473347f3,,,,,,,
B-07473eb009db4118,,,,,,,
B-3ece564ab1ad4816,,,,,,,
B-855bf117cbfd4e0a,,,,,,,
B-7e41ebef86a74ae0,,,,,,,
B-6afc03e62e3f4604,,,,,,,
B-00f806657f0f4db9,,,,,,,
B-7e3d2dfdbac1415c,,,,,,,
B-3ad0f962322d4181,,,,,,,
B-bf3712b1ffe243d0,,,,,,,
B-dd6a7b6ede8b40c7,,,,,,,
B-4a1f78e72eb74cc5,,,,,,,
B-289aef1a58404163,,,,,,,
B-b36651de02994f9f,,,,,,,
B-1edc0955d3e4478f,,,,,,,
B-aa64e3803e1544a6,,,,,,,
B-d76e7daf6df64380,,,,,,,
B-43fa22f4725d4eb8,,,,,,,
B-dac50c125bc141f7,,,,,,,
B-00eaf75afa344dcf,,,,,,,
B-338a9b0d84f64282,,,,,,,
B-c31de129969141f6,,,,,,,
B-74341b1f4a504715,,,,,,,
B-c07d26a2d4cb4068,,,,,,,
B-9e07f1dbad8c4b4a,,,,,,,
B-ca44e12772a94c3a,,,,,,,
B-63b53946f43b4c82,,,,,,,
B-14271542e6444183,,,,,,,
B-ec027a8155874d87,,,,,,,
B-e68a1f30a156425a,,,,,,,
B-f8bcf954e8204a95,,,,,,,
B-d614e2ef8ba74ca5,,,,,,,
B-a75339df07ed47f3,,,,,,,
B-cd64b50cc28449e0,,,,,,,
B-1e39c81af310456e,,,,,,,
B-93751a5b0932455d,,,,,,,
B-eab9011047c54c61,,,,,,,
B-d822160fbe484133,,,,,,,
B-2bc91e31e97e478f,,,,,,,
B-eba6ec3cc5634abe,,,,,,,
B-2dd58ff3380e4397,,,,,,,
B-acee8b393a6b4bd1,,,,,,,
B-30e4995ad53d4d47,,,,,,,
B-6594ebec9af1482c,,,,,,,
B-0134f57c05844a4c,,,,,,,
B-3c63a3b65c974161,,,,,,,
B-900807b4590543ca,,,,,,,
B-93085ef37fab452e,,,,,,,
B-c5c9d71766ff4cdc,,,,,,,
B-216ce9d29e634bfe,,,,,,,
B-0d802e0819de4f14,,,,,,,
B-88b106e15aba40d0,,,,,,,
B-58ee35b796454401,,,,,,,
B-da1197aebd7045b0,,,,,,,
B-4132bbb16ad941ab,,,,,,,
B-227e084b60b341b4,,,,,,,
B-6e89f5c12eeb4f67,,,,,,,
B-96c1c1b6ac8048c0,,,,,,,
B-9eacc2f8c94449a6,,,,,,,
B-f86b5f8993d34651,,,,,,,
B-18c46c6c5aef4a4b,,,,,,,
B-5ff4aebd0f7e4608,,,,,,,
B-08d582d06d9d4aae,,,,,,,
B-ca0a19e2822f4c52,,,,,,,
B-798c24bbfcf14e95,,,,,,,
B-416abaef4d074f7a,,,,,,,
B-47cbf91c42f8487f,,,,,,,
B-3a1f84c0e3bd4b47,,,,,,,
B-04ce210a67bf4722,,,,,,,
B-76175145d9704728,,,,,,,
B-39831648f2d14cb7,,,,,,,
B-4f1eda131b3a4b8c,,,,,,,
B-623682a4f7064b19,,,,,,,
B-e22552e80b564855,,,,,,,
B-91df9c55c8d24636,,,,,,,
B-e6369b888bfb4105,,,,,,,
B-2317e9827c314b6b,,,,,,,
B-c2766d9e7da04bb5,,,,,,,
B-27762db1bffe43dd,,,,,,,
B-07a9ec1b74d54915,,,,,,,
B-6504c705b70741a4,,,,,,,
B-87989ec3fc734d75,,,,,,,
B-ab0228ad0a8645d5,,,,,,,
B-f4486accd7d34ced,,,,,,,
B-de3e88f6fc214d06,,,,,,,
B-487a606e57e94662,,,,,,,
B-e6793cd1e5d94b90,,,,,,,
B-c0716044285745ab,,,,,,,
B-a40708be1d7a438f,,,,,,,
B-5beec2351b1c445c,,,,,,,
B-25cb6d8746814ff7,,,,,,,
B-887019fc27ba4b66,,,,,,,
B-d09da3c709a242e1,,,,,,,
B-b900786696ed4750,,,,,,,
B-f16e7ac937d94ada,,,,,,,
B-23f7841ea8364ecb,,,,,,,
B-3fdfd5957f814271,,,,,,,
B-9393d916b9ad4a10,,,,,,,
B-c0687e87aca34d8e,,,,,,,
B-d6e738049ae24415,,,,,,,
B-eacfa8b3e1174291,,,,,,,
B-86204e621d504027,,,,,,,
B-b2095c303cfd4d65,,,,,,,
B-6f773b7ed7764563,,,,,,,
B-df9f27c6bd31401d,,,,,,,
B-58f7fc4edab84bbe,,,,,,,
B-d17aa171c3a94e7f,,,,,,,
B-e8a8f1222a154439,,,,,,,
B-1a4c18103be3478a,,,,,,,
B-f21dc2e57be74577,,,,,,,
B-e138dcc55dee4626,,,,,,,
B-822d2f554ea74561,,,,,,,
B-10b8913de6604113,,,,,,,
B-a7ef489d22fb4fc4,,,,,,,
B-e241e193acb14f68,,,,,,,
B-109499bb686d4c55,,,,,,,
B-1be9c01ef871463e,,,,,,,
B-c5f70378635f4638,,,,,,,
B-eead512465644cca,,,,,,,
B-9afb050b0ea348af,,,,,,,
B-3eb62ed5194a4cd6,,,,,,,
B-372f5f65035545b0,,,,,,,
B-d98bd065fb814c32,,,,,,,
B-66f8b29c57404488,,,,,,,
B-aed2053b13d74cb6,,,,,,,
B-4612257993b84b29,,,,,,,
B-e1d8a79f7d574c32,,,,,,,
B-a556c90cf66f4f3d,,,,,,,
B-677862350e38441e,,,,,,,
B-2969355ff2ee4af4,,,,,,,
B-86570f853d6d4c15,,,,,,,
B-d1e584555270471d,,,,,,,
B-afca750134ef4d7b,,,,,,,
B-95243d07638248fc,,,,,,,
B-4facee7bbe6f49bf,,,,,,,
B-6208097e95f545d1,,,,,,,
B-46dab9b86e2849c9,,,,,,,
B-b992e9c72d2f42bf,,,,,,,
B-be34826e988d45dd,,,,,,,
B-48f597dbb4ab4f0e,,,,,,,
B-69b1f1d70f444cb6,,,,,,,
B-71bc3604103647b3,,,,,,,
B-f17e8c1cb9ba436b,,,,,,,
B-a82cb11b72c44063,,,,,,,
B-b6da824a746b4d16,,,,,,,
B-14047094be7440c9,,,,,,,
B-d763de1d57d74488,,,,,,,
B-ffb4c7abd02b4325,,,,,,,
B-3a849bef17b04c42,,,,,,,
B-b24311216bc04224,,,,,,,
B-7c0fe0b99aab4f3f,,,,,,,
B-47ef027b4a364d20,,,,,,,
B-2b72cc971a574380,,,,,,,
B-f71bd70120d143ae,,,,,,,
B-66e12e8e85514a76,,,,,,,
B-db2f96447e2f4823,,,,,,,
B-4c8aa56a034a4c7c,,,,,,,
B-ed0f59494edf4929,,,,,,,
B-c75d6a6f4a424900,,,,,,,
B-6d871c2d2e7e467a,,,,,,,
B-d061dc44691449c4,,,,,,,
B-1e6ec14363c74532,,,,,,,
B-e8a68245eb3f4bb4,,,,,,,
B-5ac29744b147436b,,,,,,,
B-46ee2f3ba8e24d67,,,,,,,
B-e4b5b8402d644d00,,,,,,,
B-c67ff7a537f746d8,,,,,,,
B-6c7161dbfe4f47a4,,,,,,,
B-ea4bf8ea83974b37,,,,,,,
B-fc5b1b87702a48ba,,,,,,,
B-45917da20af54485,,,,,,,
B-4f1c07d9d34e4f86,,,,,,,
B-da3686a4566249bb,,,,,,,
B-ff73b7ad254a4705,,,,,,,
B-8b76c1c5aa6a4140,,,,,,,
B-2d38277451664303,,,,,,,
B-d01c5a2a68c54f6a,,,,,,,
B-8780cef660f542cb,,,,,,,
B-44cb0f2c535a4677,,,,,,,
B-9c9690f1ad1e4559,,,,,,,
B-9f6de1a1ff414400,,,,,,,
B-63b8357492ce4523,,,,,,,
B-9ca129eaa0044e78,,,,,,,
B-1cc2726bf83341b0,,,,,,,
B-b909826707654a78,,,,,,,
B-016ed42363124d7c,,,,,,,
B-a3db20a4eb9148d2,,,,,,,
B-c071b59e95784084,,,,,,,
B-15d26611880f4ff3,,,,,,,
B-0104a43da7864bf2,,,,,,,
B-42375fe6c56747f1,,,,,,,
B-e7a57271db9c4785,,,,,,,
B-4d2a35d3734c4218,,,,,,,
B-81b0a7f1cccb4bf9,,,,,,,
B-4078f3763c3b412b,,,,,,,
B-b4ea56a9275e4baf,,,,,,,
B-89fec4ee30a04f1e,,,,,,,
B-bd91a64abac540b2,,,,,,,
B-2a086c93e3fc425c,,,,,,,
B-d177bc26daac45df,,,,,,,
B-82c54e9c7143476f,,,,,,,
B-d79ec50bd3064bf0,,,,,,,
B-b1b8b945c35743da,,,,,,,
B-f93f23de82e34bc9,,,,,,,
B-f7c9f19ff2dd4968,,,,,,,
B-9b2a1316757244bb,,,,,,,
B-a94277686a854d60,,,,,,,
B-99ea76d4079c4bca,,,,,,,
B-a73ccce035204234,,,,,,,
B-0b4f2c9e3795450b,,,,,,,
B-8ea8b20c85d04ae2,,,,,,,
B-3c58ae4bcac14a85,,,,,,,
B-3357a433b7334c01,,,,,,,
B-b2fd33e2d61e4ecb,,,,,,,
B-32fe5c859f3749f7,,,,,,,
B-d53816e94db84882,,,,,,,
B-712f1d0fcc1b4d58,,,,,,,
B-928a016f7c3d4e48,,,,,,,
B-b2e475f7aa0f403b,,,,,,,
B-acd21a0821af417b,,,,,,,
B-882c8d377a53408d,,,,,,,
B-a333b086e93d44be,,,,,,,
B-7c3f0b3f01b740cf,,,,,,,
B-addb12d09d714b97,,,,,,,
B-716b37329b8b48f5,,,,,,,
B-a3b1ed12c3474d28,,,,,,,
B-418b13e51afb4385,,,,,,,
B-f3193f613d354957,,,,,,,
B-a98499d3af114919,,,,,,,
B-5d7f1623b001466e,,,,,,,
B-ede71ca5405542f6,,,,,,,
B-406f1c2ebf024467,,,,,,,
B-566b872fdf1546a9,,,,,,,
B-7bc0b03b8bae49e0,,,,,,,
B-da6f55be9efb4203,,,,,,,
B-7c46d60b7f9e4138,,,,,,,
B-d0ea04cb0db442e3,,,,,,,
B-4f4e8ff05f724ff4,,,,,,,
B-ad652b310a0240b7,,,,,,,
B-7b9869c9b54346a9,,,,,,,
B-b096860131b34305,,,,,,,
B-12fa097d220b4d20,,,,,,,
B-c386b41fb67c493d,,,,,,,
B-a73c69b46ddb4b82,,,,,,,
B-cad2a0a861c84060,,,,,,,
B-3a12a2a1d8ff40c3,,,,,,,
B-9dec91d2d3784ebc,,,,,,,
B-f65978cc507249cd,,,,,,,
B-6026c3f56b514d3b,,,,,,,
B-63e3e46dee8e484b,,,,,,,
B-5e5485f81c9a4450,,,,,,,
B-a1f6157e4d9345d4,,,,,,,
B-5781933f6f654387,,,,,,,
B-4a5d0be8ede74020,,,,,,,
B-aedaf02faed64034,,,,,,,
B-d6a02fe62b3e4732,,,,,,,
B-0ad2f9266d82496e,,,,,,,
B-b00c0d30b66e4641,,,,,,,
B-9b3df15aa9ab4139,,,,,,,
B-397b8cf9e0344b42,,,,,,,
B-fb1dfc0c67f04256,,,,,,,
B-ed5c69d7e2f34e29,,,,,,,
B-aa61208bfb7244b3,,,,,,,
B-a756327820fa437c,,,,,,,
B-c56c41c5fa344d02,,,,,,,
B-f5843c3af16d4ba8,,,,,,,
B-86c6d9fbba8544d4,,,,,,,
B-ff6ab417e4e746a4,,,,,,,
B-a0668f4f06944269,,,,,,,
B-797a209f3ca941f2,,,,,,,
B-1129ad7470284d73,,,,,,,
B-737db210d7dd426b,,,,,,,
B-72b2f52bd31b45ff,,,,,,,
B-a6fb3a391d6e4fac,,,,,,,
B-1a8f995f91a149ea,,,,,,,
B-f0959ec508b545bd,,,,,,,
B-3f300a9531764dde,,,,,,,
B-40b476c70d6a4a3e,,,,,,,
B-92aaf93160144343,,,,,,,
B-bd55bfdc17ce4c33,,,,,,,
B-316f074bef9041de,,,,,,,
B-38ab0bef9eff43a2,,,,,,,
B-54ac53a780bd4393,,,,,,,
B-743612e0fdb24179,,,,,,,
B-5045f38cc5114ce0,,,,,,,
B-d3bab89c50274e51,,,,,,,
B-9b259f82579d45e0,,,,,,,
B-9fc0926666634d18,,,,,,,
B-7dff40686b80497d,,,,,,,
B-b168d7efc9ff4114,,,,,,,
B-284c62c54b7544fa,,,,,,,
B-cd681fdc8cae4f5f,,,,,,,
B-c2b2619508db46f3,,,,,,,
B-e9990870792d4a6c,,,,,,,
B-d22a64edbbbe4685,,,,,,,
B-52aaca7d91f04bf0,,,,,,,
B-26f759866b84434b,,,,,,,
B-0331818c47d24304,,,,,,,
B-afe085d39bd84141,,,,,,,
B-bbbe5a2e740c49bb,,,,,,,
B-67c415fddc5a459e,,,,,,,
B-2756b22ca2b34bf1,,,,,,,
B-2535362c305a4a53,,,,,,,
B-91f4cc4586b14bd5,,,,,,,
B-648f80973332464e,,,,,,,
B-93cced990e5a4760,,,,,,,
B-e71351ed09104552,,,,,,,
B-dc1263acc2c0405d,,,,,,,
B-ff0a30d7ade144ed,,,,,,,
B-1166e5eef81244ef,,,,,,,
B-7cb4c94a4f5948ff,,,,,,,
B-fb34958f1803409b,,,,,,,
B-19de6826f9d84192,,,,,,,
B-f097c7d41b7b4f66,,,,,,,
B-bc60038253fc42ea,,,,,,,
B-0bc5e9fc36bb49ae,,,,,,,
B-153ce0ebc0534ae2,,,,,,,
B-93bdb0dd3cb24f47,,,,,,,
B-61dcf25161314ed5,,,,,,,
B-56bd056603e14abe,,,,,,,
B-7949a1be84454e6b,,,,,,,
B-a753939b25b642ba,,,,,,,
B-467bca5f491f4cdd,,,,,,,
B-8326828ff0dd4743,,,,,,,
B-1853488a810c4a1a,,,,,,,
B-32411fb78132459d,,,,,,,
B-db6c73381b1e46ca,,,,,,,
B-d3f80c7abcdf48b0,,,,,,,
B-35297d2cea9440fd,,,,,,,
B-fca1d15d42374b49,,,,,,,
B-cba79185f8514474,,,,,,,
B-7f5c786b144c4d90,,,,,,,
B-fef29dffbd9e46d4,,,,,,,
B-fbb7ba2a1f3744b2,,,,,,,
B-350c1dbe21ef451e,,,,,,,
B-831a387c47de4da7,,,,,,,
B-4657490e1f3d4103,,,,,,,
B-d9c05b9186c348f2,,,,,,,
B-b1902c6b76cf4068,,,,,,,
B-ce288df818af4cfa,,,,,,,
B-74aafd2512ea4371,,,,,,,
B-0671e94e87594372,,,,,,,
B-d01e4c59b4be4cd3,,,,,,,
B-5c867b9b2691457f,,,,,,,
B-7275ce2533af4b71,,,,,,,
B-c13389eb4f6b4e42,,,,,,,
B-4fede9c0f9f0442a,,,,,,,
B-e7b61ce7bf3a4b1b,,,,,,,
B-32b9e2f800fc4925,,,,,,,
B-7dbffddf17d9438c,,,,,,,
B-ad47a63888124c75,,,,,,,
B-c0c6fc5f763142a6,,,,,,,
B-856cc762b3954644,,,,,,,
B-1967817fb8de4ce1,,,,,,,
B-faa24eebe4e541be,,,,,,,
B-ffc4309996344069,,,,,,,
B-a5eb5bfa65114bcf,,,,,,,
B-beda27e96bb3484c,,,,,,,
B-5775147637dd41a7,,,,,,,
B-5e0aab9c8aa043a3,,,,,,,
B-893439b3753349c0,,,,,,,
B-83ad479f634047a0,,,,,,,
B-c703da24977944a8,,,,,,,
B-69ffa208e4f649cf,,,,,,,
B-57aa7637f8bf40ee,,,,,,,
B-6a79e4d0b653482d,,,,,,,
B-60a54f599c8a4b72,,,,,,,
B-e3555a3e86e34263,,,,,,,
B-f4dea8be3e624bc0,,,,,,,
B-6ec5c4079fcb4a8a,,,,,,,
B-2b95b1aa72524e7b,,,,,,,
B-2d2faffb1d534a25,,,,,,,
B-f0b46dc09eb246a1,,,,,,,
B-9a223c1c6dbe45ce,,,,,,,
B-eee6f85473b94497,,,,,,,
B-d70578e8409a4f4a,,,,,,,
B-fd22c8575435422e,,,,,,,
B-e6b0fe0c010a430f,,,,,,,
B-cf1fbae0172846aa,,,,,,,
B-92b2e5ae2eb940df,,,,,,,
B-d29a1d48add3482c,,,,,,,
B-8bb2a3c0d5e248ed,,,,,,,
B-2634ae4c6f394d7f,,,,,,,
B-b74979cea0be431e,,,,,,,
B-4e404e7c10534aed,,,,,,,
B-f99d3e5266c84985,,,,,,,
B-a185ba2f64f44427,,,,,,,
B-d7a2bd08ce2b4be0,,,,,,,
B-c0963c3029ed4b78,,,,,,,
B-2e90270a14014043,,,,,,,
B-52e18c518438416c,,,,,,,
B-6119da62a66346db,,,,,,,
B-029e6b5c27ee4e1a,,,,,,,
B-a74b15d7dfd04b48,,,,,,,
B-fb15f784e225407f,,,,,,,
B-92c8f2f17dc94f70,,,,,,,
B-ca6f235ec22f4de3,,,,,,,
B-aba89357e65b4d39,,,,,,,
B-52211906681c42db,,,,,,,
B-5eb1aa757bde47f5,,,,,,,
B-1f1626a8fd5d4113,,,,,,,
B-390e67605b0b4446,,,,,,,
B-c1012165a6e04f6a,,,,,,,
B-0fee95349d7e48fe,,,,,,,
B-47aeff2b04b14abb,,,,,,,
B-fcf8b0c15a8540f8,,,,,,,
B-84566c2706984d1a,,,,,,,
B-3df5bfd6ca9e4d65,,,,,,,
B-245d729ed8ec42cc,,,,,,,
B-8a8cb3f4fcce4e17,,,,,,,
B-671b2a63b7bd429e,,,,,,,
B-cef77ca5fda04b9a,,,,,,,
B-fded4b3408fa41cc,,,,,,,
B-ca506551b6034489,,,,,,,
B-e4c4654d28814c52,,,,,,,
B-5e88414824c14163,,,,,,,
B-4efb09b7af5546e8,,,,,,,
B-9e9ca09d9e2446f4,,,,,,,
B-c07aa9270a7147c4,,,,,,,
B-1fb80a02ae044a49,,,,,,,
B-5a0ea9ddeafa4da4,,,,,,,
B-21e122f0b15a4b36,,,,,,,
B-c61b9da668144446,,,,,,,
B-1bc6fb687d614047,,,,,,,
B-b585bd28e8f74046,,,,,,,
B-f44b5dbd70ac4740,,,,,,,
B-3a2c8e68b22c462a,,,,,,,
B-22d203409293472b,,,,,,,
B-3415183bee21493e,,,,,,,
B-015cb82a0a544b14,,,,,,,
B-a5651f8dfbdd48be,,,,,,,
B-f1bb677408e54d13,,,,,,,
B-634b8c1a25734216,,,,,,,
B-5e9419523b744710,,,,,,,
B-dd0831a0fe3b4787,,,,,,,
B-46ae15aa5a07415d,,,,,,,
B-0bcf6af598d24e61,,,,,,,
B-59827bc9b5004679,,,,,,,
B-7e46d3cf73054602,,,,,,,
B-4ce3deb635b247c4,,,,,,,
B-f6290f88090d4488,,,,,,,
B-6fb73f0982114ad9,,,,,,,
B-8388f4f3338f4387,,,,,,,
B-9734e919ecf648d2,,,,,,,
B-16cca25717da47b9,,,,,,,
B-14b782b126864993,,,,,,,
B-81bf92f58db3417c,,,,,,,
B-3f75b3a0a8264503,,,,,,,
B-32281d848cc64ca9,,,,,,,
B-0b3e88d4cde147fe,,,,,,,
B-8a02d6d1741849ae,,,,,,,
B-760edf1476a54985,,,,,,,
B-f7bf710c1d0f4b86,,,,,,,
B-0d9c3adf9e8c4547,,,,,,,
B-4b8fe689dff34a23,,,,,,,
B-6e5b8df3a4924328,,,,,,,
B-69f2bd47f50540c0,,,,,,,
B-cb6d4453dae641e7,,,,,,,
B-b9e8489ba3ac4b3a,,,,,,,
B-3fc417a3ceb64f6a,,,,,,,
B-de43d49683484be7,,,,,,,
B-33dc412c25014311,,,,,,,
B-01899e3f999a4a14,,,,,,,
B-5c9e571b089247ba,,,,,,,
B-7c490ddce4174f1e,,,,,,,
B-3c872824db3c4af7,,,,,,,
B-d6488cb68e834c93,,,,,,,
B-43467a3772fb4c3d,,,,,,,
B-b9a7631a803f4b5e,,,,,,,
B-4052363c707f4bf3,,,,,,,
B-70b3fb17d1ad40d3,,,,,,,
B-a18af08121784e89,,,,,,,
B-58aa2a0a833948c8,,,,,,,
B-dd9c1e3ace5c4bbb,,,,,,,
B-4fb7ab796e9b43d3,,,,,,,
B-395c67bd58db4fc0,,,,,,,
B-3214bafd10294936,,,,,,,
B-110ffff9e8094715,,,,,,,
B-59b46f9a8b6246d8,,,,,,,
B-869a48b2853e4258,,,,,,,
B-134c938660804274,,,,,,,
B-d40eac67512a4b37,,,,,,,
B-e3c9dbbc79894b62,,,,,,,
B-e7a73abe992b4f25,,,,,,,
B-63460c49c1da4556,,,,,,,
B-94bd7f22227d4148,,,,,,,
B-de0311fd56694158,,,,,,,
B-ac9efdf69c11493a,,,,,,,
B-aee1087194a448c1,,,,,,,
B-f13cf1cf66c24a2b,,,,,,,
B-ee7fafe7621941e3,,,,,,,
B-5466fa138e48479a,,,,,,,
B-24c2ed6e00ce4b59,,,,,,,
B-ba80d3265dcc45d1,,,,,,,
B-23985677f118459e,,,,,,,
B-906f908d8ecc4e88,,,,,,,
B-5f2d1c89f6b840f9,,,,,,,
B-6a40885a7da246b3,,,,,,,
B-c65b1dac362a46f5,,,,,,,
B-965a2e7af84b4bd4,,,,,,,
B-4b58fdca0b7e45de,,,,,,,
B-aec76dd3f1dc4e10,,,,,,,
B-a9a2347267a547e4,,,,,,,
B-c12fc72151324836,,,,,,,
B-1e11e66e33f445e1,,,,,,,
B-011b6467c0484949,,,,,,,
B-8340fdb2bed746ea,,,,,,,
B-7dd0d84c947b45d8,,,,,,,
B-6b2bd420aecd4756,,,,,,,
B-ddc6b03c58af4df2,,,,,,,
B-4f2eb09af7344e92,,,,,,,
B-231bd7d1b90a48b4,,,,,,,
B-85bc04e3d7da4e8b,,,,,,,
B-6475099d5ace4c6a,,,,,,,
B-6010cd25b11e42fa,,,,,,,
B-22cf65abd93a49e7,,,,,,,
B-36d1dec39fb4496e,,,,,,,
B-47d86628527a4643,,,,,,,
B-96d4322ca9b74910,,,,,,,
B-be30f768c19d4a1f,,,,,,,
B-e3d327bfeae548dd,,,,,,,
B-51b0c14ca64e44c7,,,,,,,
B-31ee8d46eca64ef6,,,,,,,
B-2bcf4052ea1f4029,,,,,,,
B-5c6ccdecf7794b0d,,,,,,,
B-6ece4909927e4127,,,,,,,
B-8deb180939ed47a8,,,,,,,
B-0b756562ff7b4c6e,,,,,,,
B-50702fede3c54cc8,,,,,,,
B-83994789c54046fb,,,,,,,
B-684fe6946b104eeb,,,,,,,
B-7aa7299dff514171,,,,,,,
B-9d14ca38e8ce4a38,,,,,,,
B-58f6087fa9ad4043,,,,,,,
B-1533a5ff0c7a446d,,,,,,,
B-b4d83af5df6b4aaf,,,,,,,
B-c1f51141e88247c0,,,,,,,
B-9a89588ca4b349ff,,,,,,,
B-c80d422f1b8c40d9,,,,,,,
B-79dbe850c6d24dd9,,,,,,,
B-755bb714795d44f4,,,,,,,
B-95aaf3049fe64840,,,,,,,
B-6203761a036047bc,,,,,,,
B-18496a0c0147437c,,,,,,,
B-6e36e41925494b4b,,,,,,,
B-584572874223445f,,,,,,,
B-c2bd55e8235745b1,,,,,,,
B-42ddafd7cf2540e4,,,,,,,
B-91814d5a465342a6,,,,,,,
B-d76a967d445a4eb2,,,,,,,
B-d703a2a385414b3c,,,,,,,
B-6e740da6a6094d75,,,,,,,
B-24772673a768402b,,,,,,,
B-26742c8e4ce041ca,,,,,,,
B-5d8e24e9a1ef4d78,,,,,,,
B-f200f735c449403d,,,,,,,
B-76a5a66100ef42c2,,,,,,,
B-3ea1ba5b40714247,,,,,,,
B-4f5e1b5a7bb54755,,,,,,,
B-a6df9125d46a4b66,,,,,,,
B-bde0001f2b544666,,,,,,,
B-d2c6e53fee2c4345,,,,,,,
B-f928f6ee79cd4c90,,,,,,,
B-f8a804de10e443c1,,,,,,,
B-854c068d93b9453e,,,,,,,
B-8e802f6700db450c,,,,,,,
B-062b4e2e24b144aa,,,,,,,
B-627f74f40ed5431e,,,,,,,
B-dee72d22d6d44a6b,,,,,,,
B-70c9e745c59b4f7b,,,,,,,
B-77ed130e3ceb466c,,,,,,,
B-080c993db85d4f72,,,,,,,
B-081d4fe624a84053,,,,,,,
B-9530e82e2f394c67,,,,,,,
B-474aa99a484b4b5e,,,,,,,
B-75ce567eccca427b,,,,,,,
B-383ecf44e30641f0,,,,,,,
B-a27550ada1744803,,,,,,,
B-0ea2717e2c2544be,,,,,,,
B-9272b28e03b74eec,,,,,,,
B-e124454c8cb54eae,,,,,,,
B-e5f338ebf4d14037,,,,,,,
B-9f16c0bd322a414c,,,,,,,
B-3fd831927f364c29,,,,,,,
B-f7bace8b75514ee2,,,,,,,
B-395ca583b09c494f,,,,,,,
B-bf4db9c97cf24a3d,,,,,,,
B-fec1ce21cfa248df,,,,,,,
B-9e6fc352aa044994,,,,,,,
B-b625111d535c4b86,,,,,,,
B-7f50d742451c4877,,,,,,,
B-d42ed3429fb340ea,,,,,,,
B-d6c1ce415b224a84,,,,,,,
B-c6ac9db6176f4afb,,,,,,,
B-76e7cf6c5e214f36,,,,,,,
B-3afc1d9c44754c86,,,,,,,
B-b3b30ed89eed479f,,,,,,,
B-431429cd00ee4ed1,,,,,,,
B-38c1e0727eb44c92,,,,,,,
B-c19a8a5c6a1f4184,,,,,,,
B-156e7b30740a4364,,,,,,,
B-83e5f7ddbba94a0d,,,,,,,
B-4e029fed648940a7,,,,,,,
B-a4870a757e614630,,,,,,,
B-665b0a2c2b5f4210,,,,,,,
B-6f70cd9de3af472f,,,,,,,
B-75e2be0d33a647ad,,,,,,,
B-414a44e6a0bb4055,,,,,,,
B-fe30f220af8b41f6,,,,,,,
B-a714f775af4743be,,,,,,,
B-94430b3470dc4870,,,,,,,
B-7842c65fa2a74db4,,,,,,,
B-916eff7fbff94035,,,,,,,
B-a2848908508b461f,,,,,,,
B-9bd1c790ced64cb8,,,,,,,
B-e15b75479bff4732,,,,,,,
B-4bdf607412c147ca,,,,,,,
B-cbc1709587c2417c,,,,,,,
B-ff8a3557a2394fec,,,,,,,
B-6e2f681e96144875,,,,,,,
B-fc7f2f7541044735,,,,,,,
B-4941cc82c6614754,,,,,,,
B-b0d37bfa82894b60,,,,,,,
B-94c84a7e577b4ddf,,,,,,,
B-b00f634d0f174c3d,,,,,,,
B-b49554e2f3ba4826,,,,,,,
B-bf4bc780ff6f429b,,,,,,,
B-d4e402fbfad044a6,,,,,,,
B-c42005871a3c47d5,,,,,,,
B-9b09771260ea4c4f,,,,,,,
B-e02d11c8dc7f4194,,,,,,,
B-7570d82b524c4ebd,,,,,,,
B-0c4371cf78dc43aa,,,,,,,
B-824cad3a66234074,,,,,,,
B-7b4ab508349041de,,,,,,,
B-a4f8a4733d074e0e,,,,,,,
B-37a02acf1b254933,,,,,,,
B-7b6d98c01dda4e2b,,,,,,,
B-16a3afc7807140be,,,,,,,
B-daff7240954a444c,,,,,,,
B-6a3147f4f28d450a,,,,,,,
